quantity,value
calib.fawf_MHz,2.2325
calib.sens_preamp_V_per_MPa,1.32641417141165
calib.Cload_pF,123.306951234092
calib.sens_nopreamp_V_per_MPa,0.0181381602430684
capture.depth_cm,3.50037140886507
capture.pr_MPa,1.15390406654836
capture.MI,0.58959702372408
capture.PD_ms,0.8522375
capture.Isppa3_W_cm2,22.4720266783581
capture.Ispta3_mW_cm2,14.7319260279209
sweep.el41.maxV,32.0200759587649
sweep.el41.MI_at_30V,1.37324418298968
sweep.el41.Isppa_at_30V,163.030931378106
sweep.el61.maxV,23.0734870940013
sweep.el61.MI_at_30V,2.14660655954642
sweep.el61.Isppa_at_30V,326.581095521989
sweep.el79.maxV,20.059276959961
sweep.el79.MI_at_30V,2.65178187060076
sweep.el79.Isppa_at_30V,436.004113209092
L11-5.fawf_MHz,5
L11-5.MI_unclipped_at_50V,0.748046758354432
L11-5.ratio_vs_verasonics,1.19308793616741
