foc,x_mm,y_mm,z_mm,Vpk_neg_V,note
1,-84.31,98.00,-48.50,0.2859,
2,-83.21,95.00,-47.50,0.2969,
3,-82.41,92.00,-45.40,0.2969,
4,-81.11,89.00,-44.80,0.3592,
5,-80.41,86.00,-44.40,0.3720,
6,-79.41,83.00,-45.30,0.4293,
7,-78.31,80.00,-45.00,0.5294,
8,-78.01,77.00,-46.50,0.5723,
9,-78.91,74.00,-46.60,0.8730,
11,-78.91,74.00,-46.60,0.8730,duplicate of foc_9
10,-78.71,71.00,-46.60,1.0745,
12,-78.71,71.00,-46.60,1.0913,duplicate of foc_10
13,-78.51,68.00,-46.60,1.1417,PEAK - sweep here
14,-78.41,65.00,-46.50,1.1249,
15,-78.21,62.00,-46.50,1.0577,
16,-78.01,59.00,-46.60,0.9738,
